ScenarioID,RoadType,DurationSec,NumEvents,NumRiskyActors,NumSafeActors
1,rural,120,5,4,1
2,highway,120,5,3,2
3,village,120,5,3,2
4,highway,120,6,4,2
5,village,120,5,3,2
6,village,120,5,3,2
7,village,120,6,4,2
8,village,120,6,3,3
9,village,120,5,3,2
10,rural,120,5,4,1
11,village,120,5,3,2
12,highway,120,6,4,2
13,village,120,5,4,1
14,highway,120,6,4,2
15,village,120,5,2,3
16,mixed,120,6,4,2
17,highway,120,6,4,2
18,highway,120,6,4,2
19,rural,120,5,4,1
20,mixed,120,5,4,1
21,village,120,6,3,3
22,highway,120,6,4,2
23,mixed,120,6,4,2
24,village,120,6,4,2
25,village,120,6,3,3
26,rural,120,6,4,2
27,highway,120,6,4,2
28,village,120,5,4,1
29,highway,120,5,3,2
30,rural,120,5,3,2
31,highway,120,5,3,2
32,rural,120,6,5,1
33,rural,120,6,4,2
34,mixed,120,5,4,1
35,highway,120,6,4,2
36,mixed,120,5,3,2
37,village,120,6,4,2
38,mixed,120,6,3,3
39,rural,120,6,4,2
40,mixed,120,5,2,3
41,highway,120,6,4,2
42,rural,120,5,3,2
43,village,120,6,4,2
44,highway,120,5,3,2
45,mixed,120,6,5,1
46,highway,120,5,3,2
47,mixed,120,6,2,4
48,village,120,6,4,2
49,mixed,120,6,4,2
50,mixed,120,5,4,1
51,village,120,5,4,1
52,village,120,5,2,3
53,village,120,5,3,2
54,mixed,120,5,2,3
55,rural,120,5,4,1
56,rural,120,5,3,2
57,rural,120,6,4,2
58,highway,120,5,3,2
59,rural,120,6,4,2
60,village,120,5,3,2
61,rural,120,5,3,2
62,village,120,5,3,2
63,rural,120,5,3,2
64,rural,120,6,5,1
65,highway,120,6,4,2
66,rural,120,6,4,2
67,highway,120,6,4,2
68,mixed,120,6,4,2
69,rural,120,6,5,1
70,highway,120,5,3,2
71,rural,120,6,4,2
72,village,120,6,3,3
73,rural,120,5,3,2
74,village,120,5,3,2
75,village,120,6,4,2
76,mixed,120,6,4,2
77,village,120,6,3,3
78,highway,120,6,4,2
79,rural,120,6,4,2
80,rural,120,6,4,2
81,rural,120,5,3,2
82,rural,120,6,3,3
83,highway,120,6,4,2
84,highway,120,6,4,2
85,rural,120,6,4,2
86,village,120,6,4,2
87,highway,120,6,4,2
88,rural,120,6,4,2
89,village,120,5,3,2
90,highway,120,5,3,2
91,rural,120,5,3,2
92,highway,120,6,4,2
93,rural,120,6,5,1
94,mixed,120,6,3,3
95,rural,120,5,4,1
96,rural,120,6,5,1
97,mixed,120,6,4,2
98,rural,120,5,3,2
99,rural,120,6,3,3
100,highway,120,5,4,1
101,crossroad,120,6,4,2
102,rural,120,6,3,3
103,highway,120,6,4,2
104,mixed,120,5,3,2
105,mixed,120,5,4,1
106,village,120,6,3,3
107,village,120,6,3,3
108,rail_crossing,120,6,4,2
109,mixed,120,5,2,3
110,highway,120,6,4,2
111,highway,120,6,4,2
112,highway,120,5,3,2
113,rail_crossing,120,6,4,2
114,highway,120,5,3,2
115,village,120,6,4,2
116,crossroad,120,5,3,2
117,rural,120,6,5,1
118,crossroad,120,5,4,1
119,highway,120,5,4,1
120,crossroad,120,5,4,1
121,village,120,6,3,3
122,crossroad,120,5,3,2
123,rural,120,6,4,2
124,rural,120,6,3,3
125,rail_crossing,120,6,4,2
126,rail_crossing,120,5,3,2
127,highway,120,6,4,2
128,crossroad,120,6,4,2
129,rail_crossing,120,5,3,2
130,village,120,5,3,2
131,rural,120,5,5,0
132,rail_crossing,120,5,5,0
133,rural,120,5,4,1
134,highway,120,5,4,1
135,rural,120,5,3,2
136,highway,120,5,3,2
137,crossroad,120,5,3,2
138,highway,120,5,3,2
139,rural,120,6,5,1
140,rural,120,6,5,1
141,rural,120,5,4,1
142,rail_crossing,120,5,4,1
143,highway,120,5,3,2
144,village,120,6,4,2
145,rail_crossing,120,6,4,2
146,highway,120,6,4,2
147,village,120,5,2,3
148,highway,120,6,4,2
149,highway,120,6,4,2
150,crossroad,120,6,4,2
151,mixed,120,5,4,1
152,crossroad,120,6,3,3
153,crossroad,120,6,4,2
154,highway,120,5,4,1
155,mixed,120,5,1,4
156,mixed,120,5,3,2
157,rural,120,6,4,2
158,mixed,120,6,4,2
159,highway,120,6,4,2
160,highway,120,5,4,1
161,village,120,5,3,2
162,crossroad,120,6,4,2
163,village,120,6,3,3
164,highway,120,6,4,2
165,rural,120,6,5,1
166,village,120,6,4,2
167,village,120,6,4,2
168,village,120,5,3,2
169,crossroad,120,5,4,1
170,rail_crossing,120,6,4,2
171,mixed,120,5,3,2
172,rail_crossing,120,6,5,1
173,village,120,6,3,3
174,mixed,120,6,5,1
175,crossroad,120,5,4,1
176,mixed,120,5,4,1
177,rural,120,5,3,2
178,rail_crossing,120,6,2,4
179,village,120,6,4,2
180,village,120,6,3,3
181,village,120,5,3,2
182,crossroad,120,5,3,2
183,village,120,5,2,3
184,village,120,5,3,2
185,highway,120,5,3,2
186,crossroad,120,5,2,3
187,rail_crossing,120,5,4,1
188,rural,120,6,3,3
189,rail_crossing,120,6,3,3
190,village,120,6,3,3
191,crossroad,120,6,3,3
192,rail_crossing,120,5,2,3
193,rail_crossing,120,5,3,2
194,rail_crossing,120,5,3,2
195,crossroad,120,5,1,4
196,mixed,120,6,4,2
197,rail_crossing,120,5,3,2
198,mixed,120,6,5,1
199,mixed,120,5,5,0
200,mixed,120,6,4,2
201,crossroad,80.9649913593143,8,0,9
202,crossroad,76.6466554715379,8,0,9
203,crossroad,78.7376076732205,5,0,6
204,crossroad,79.3511787176325,6,0,7
205,crossroad,67.7793684530481,7,0,8
206,crossroad,84.2285719047934,6,0,7
207,crossroad,83.6149452751962,6,0,7
208,crossroad,61.289732979433,8,0,9
209,crossroad,69.3318068746021,9,0,10
210,crossroad,69.2526861109091,5,0,6
211,crossroad,87.8556046170775,6,0,7
212,crossroad,67.3586162978877,9,0,10
213,crossroad,69.5643796312241,6,0,7
214,crossroad,69.9654169978595,5,0,6
215,crossroad,73.4351190110909,4,0,5
216,crossroad,89.8679454867234,7,0,8
217,crossroad,81.566744274135,5,0,6
218,crossroad,81.150812763951,7,0,8
219,crossroad,73.9495800464369,7,0,8
220,crossroad,65.754381573085,7,0,8
221,crossroad,74.0834544924051,8,0,9
222,crossroad,62.0245583818717,5,0,6
223,crossroad,75.8723039592513,5,0,6
224,crossroad,81.736932636984,9,0,10
225,crossroad,78.113287882221,5,0,6
226,crossroad,72.4820433644472,6,0,7
227,crossroad,71.5593799730448,5,0,6
228,crossroad,72.2507883735206,5,0,6
229,crossroad,69.6730929945397,4,0,5
230,crossroad,68.3107892880559,7,0,8
231,crossroad,73.0496008526609,7,0,8
232,crossroad,75.0298969998425,7,0,8
233,crossroad,83.5931237103664,9,0,10
234,crossroad,65.7455835113668,5,0,6
235,crossroad,88.6128774675522,9,0,10
236,crossroad,67.7399650677331,7,0,8
237,crossroad,81.8184060303611,7,0,8
238,crossroad,87.8267647709012,6,0,7
239,crossroad,75.184694929884,8,0,9
240,crossroad,83.0745984394167,6,0,7
241,crossroad,89.9128284672213,5,0,6
242,crossroad,85.5395620778389,5,0,6
243,crossroad,89.7002572686683,6,0,7
244,crossroad,80.0521010861766,8,0,9
245,crossroad,70.0161963616658,5,0,6
246,crossroad,64.8972780986595,9,0,10
247,crossroad,76.5205731898772,8,0,9
248,crossroad,68.8886964989765,7,0,8
249,crossroad,89.4308005305921,6,0,7
250,crossroad,61.2975099446954,7,0,8
251,multi_crossroad_multilane,125.187200856819,9,1,9
252,multi_crossroad_multilane,118.688731759037,9,1,9
253,multi_crossroad_multilane,99.5457781739946,13,1,13
254,multi_crossroad_multilane,128.825497915559,12,1,12
255,multi_crossroad_multilane,104.978109731507,10,1,10
256,multi_crossroad_multilane,148.370521509044,11,1,11
257,multi_crossroad_multilane,92.5944098529141,12,4,9
258,multi_crossroad_multilane,104.525083336122,10,0,11
259,multi_crossroad_multilane,137.742264827355,13,2,12
260,multi_crossroad_multilane,113.372461795636,12,3,10
261,multi_crossroad_multilane,99.6176334141624,9,2,8
262,multi_crossroad_multilane,139.766595947802,8,2,7
263,multi_crossroad_multilane,99.0803608834961,9,2,8
264,multi_crossroad_multilane,105.827647120329,10,0,11
265,multi_crossroad_multilane,94.9505562549053,8,1,8
266,multi_crossroad_multilane,148.193569139651,13,1,13
267,multi_crossroad_multilane,136.81442575355,9,4,6
268,multi_crossroad_multilane,149.642798307044,9,2,8
269,multi_crossroad_multilane,137.42847140396,9,1,9
270,multi_crossroad_multilane,133.090575206275,13,1,13
271,multi_crossroad_multilane,95.0892097634611,10,2,9
272,multi_crossroad_multilane,131.985404816853,10,0,11
273,multi_crossroad_multilane,92.1920671269976,9,0,10
274,multi_crossroad_multilane,136.59351324152,13,2,12
275,multi_crossroad_multilane,103.316869279077,8,1,8
276,multi_crossroad_multilane,115.871456279403,14,1,14
277,multi_crossroad_multilane,97.5972744887003,12,2,11
278,multi_crossroad_multilane,104.704469179517,12,2,11
279,multi_crossroad_multilane,140.774015689,8,0,9
280,multi_crossroad_multilane,137.744320656645,8,1,8
281,multi_crossroad_multilane,105.811429001196,11,0,12
282,multi_crossroad_multilane,141.06394772951,11,0,12
283,multi_crossroad_multilane,94.3126200750717,9,0,10
284,multi_crossroad_multilane,136.485896164087,9,0,10
285,multi_crossroad_multilane,94.6347497562474,10,1,10
286,multi_crossroad_multilane,95.1417758543246,8,0,9
287,multi_crossroad_multilane,103.36787617977,10,2,9
288,multi_crossroad_multilane,111.107303478834,11,1,11
289,multi_crossroad_multilane,139.830446132691,9,1,9
290,multi_crossroad_multilane,106.829169225045,8,0,9
291,multi_crossroad_multilane,94.8667042692705,11,1,11
292,multi_crossroad_multilane,130.357034408998,9,1,9
293,multi_crossroad_multilane,90.7642612293242,11,0,12
294,multi_crossroad_multilane,147.93234096211,11,3,9
295,multi_crossroad_multilane,119.011715856049,13,2,12
296,multi_crossroad_multilane,145.860780620981,12,2,11
297,multi_crossroad_multilane,90.3221760176943,12,3,10
298,multi_crossroad_multilane,122.381105606356,10,2,9
299,multi_crossroad_multilane,116.214878948471,8,0,9
300,multi_crossroad_multilane,109.224488660947,9,2,8
301,multi_crossroad_multilane,112.437038416898,10,0,11
302,multi_crossroad_multilane,140.768928098229,11,1,11
303,multi_crossroad_multilane,146.059402693023,10,2,9
304,multi_crossroad_multilane,143.050289732573,12,0,13
305,multi_crossroad_multilane,112.19036352676,9,2,8
306,multi_crossroad_multilane,120.691454985964,13,4,10
307,multi_crossroad_multilane,148.307645875924,8,0,9
308,multi_crossroad_multilane,100.886289402911,10,1,10
309,multi_crossroad_multilane,106.467587288137,9,2,8
310,multi_crossroad_multilane,147.693508536023,15,4,12
311,multi_crossroad_multilane,101.339843875696,10,0,11
312,multi_crossroad_multilane,115.884101387044,9,1,9
313,multi_crossroad_multilane,149.550144878334,9,2,8
314,multi_crossroad_multilane,128.887965813378,13,1,13
315,multi_crossroad_multilane,101.253672819066,8,1,8
316,multi_crossroad_multilane,98.8271929907401,10,3,8
317,multi_crossroad_multilane,98.88920642275,12,2,11
318,multi_crossroad_multilane,94.5039954963906,10,1,10
319,multi_crossroad_multilane,127.435641032842,7,1,7
320,multi_crossroad_multilane,141.527694400524,11,2,10
321,multi_crossroad_multilane,103.350494300523,10,1,10
322,multi_crossroad_multilane,103.476737335215,11,1,11
323,multi_crossroad_multilane,101.988842573627,8,0,9
324,multi_crossroad_multilane,149.465615266432,8,0,9
325,multi_crossroad_multilane,138.558904771906,12,2,11
326,multi_crossroad_multilane,139.440332586939,14,3,12
327,multi_crossroad_multilane,124.313036470128,11,2,10
328,multi_crossroad_multilane,111.61199976208,9,1,9
329,multi_crossroad_multilane,147.600472668336,8,0,9
330,multi_crossroad_multilane,103.798660719974,14,0,15
331,multi_crossroad_multilane,92.0395543624508,9,1,9
332,multi_crossroad_multilane,126.144160330938,11,1,11
333,multi_crossroad_multilane,107.97512553045,11,1,11
334,multi_crossroad_multilane,147.663181985494,13,1,13
335,multi_crossroad_multilane,103.281891989912,7,1,7
336,multi_crossroad_multilane,136.300105127742,11,0,12
337,multi_crossroad_multilane,105.721480500935,11,2,10
338,multi_crossroad_multilane,126.498526535737,7,1,7
339,multi_crossroad_multilane,107.324279858341,13,1,13
340,multi_crossroad_multilane,147.554806255473,13,1,13
341,multi_crossroad_multilane,120.120844943445,10,2,9
342,multi_crossroad_multilane,130.347225682164,12,1,12
343,multi_crossroad_multilane,136.688102208256,12,1,12
344,multi_crossroad_multilane,125.649003477544,11,4,8
345,multi_crossroad_multilane,100.403997337844,13,1,13
346,multi_crossroad_multilane,145.450244714861,13,3,11
347,multi_crossroad_multilane,134.269290369977,11,2,10
348,multi_crossroad_multilane,129.005980188521,12,2,11
349,multi_crossroad_multilane,95.453721596985,9,2,8
350,multi_crossroad_multilane,102.406675730931,10,1,10
