ScenarioID,DurationSec,TurnType,NumCrossroads,NumBackgroundActors
351,150,right,2,8
352,150,left,2,11
353,150,right,3,15
354,150,straight,2,10
355,150,left,2,8
356,150,straight,2,10
357,150,uturn,3,14
358,150,uturn,3,10
359,150,right,3,10
360,150,right,3,15
361,150,left,2,10
362,150,left,3,10
363,150,left,3,12
364,150,right,3,12
365,150,left,2,9
366,150,uturn,2,8
367,150,straight,2,8
368,150,straight,2,5
369,150,uturn,3,12
370,150,right,2,10
371,150,left,3,15
372,150,right,2,8
373,150,right,2,7
374,150,right,3,11
375,150,uturn,2,7
376,150,left,2,8
377,150,straight,2,9
378,150,left,2,10
379,150,straight,2,12
380,150,straight,2,8
381,150,uturn,2,10
382,150,left,3,10
383,150,right,3,11
384,150,straight,3,7
385,150,straight,2,10
386,150,uturn,3,16
387,150,left,3,16
388,150,uturn,2,6
389,150,uturn,3,11
390,150,uturn,3,16
391,150,left,3,15
392,150,left,3,13
393,150,right,3,14
394,150,right,3,8
395,150,left,2,9
396,150,uturn,3,12
397,150,straight,2,8
398,150,right,2,8
399,150,uturn,2,7
400,150,right,3,9
401,150,straight,3,10
402,150,left,2,4
403,150,right,3,13
404,150,right,3,15
405,150,left,2,8
406,150,straight,2,6
407,150,straight,2,6
408,150,straight,3,13
409,150,right,2,6
410,150,right,3,9
411,150,straight,2,11
412,150,straight,2,10
413,150,right,3,10
414,150,left,3,6
415,150,straight,2,6
416,150,left,2,9
417,150,straight,2,9
418,150,left,2,10
419,150,uturn,2,9
420,150,straight,3,12
421,150,left,3,10
422,150,left,2,8
423,150,right,2,11
424,150,straight,3,10
425,150,right,3,12
426,150,left,3,13
427,150,left,2,10
428,150,right,2,8
429,150,left,2,10
430,150,right,3,8
431,150,left,3,12
432,150,left,3,8
433,150,straight,2,7
434,150,left,2,7
435,150,left,2,10
436,150,straight,2,5
437,150,left,2,9
438,150,uturn,3,13
439,150,right,3,11
440,150,right,3,12
441,150,uturn,3,8
442,150,right,2,9
443,150,left,2,8
444,150,right,2,10
445,150,left,3,13
446,150,uturn,2,5
447,150,uturn,3,9
448,150,straight,3,13
449,150,right,2,9
450,150,right,3,9
