avg_speed,max_speed,speed_std,max_accel,max_decel,max_lateral_rate,yaw_rate_std,min_dist_to_ego,avg_dist_to_ego,duration,ActorName,NumFragments,label,ScenarioID,ActorType,Description
15.1006364216122,16.9308121000644,0.833583913510221,11.9253587945178,-53.4812045705931,14.7464877590323,16.3262967679222,3.13444406775445,71.0852973174083,9.69999999999997,actor_1_jaywalking_pedestrian,3,1,5,pedestrian,"Pedestrian crosses mid-block, outside the marked crossing."
14.6172895813034,15.3736419686515,0.969466995649681,3.29522795451578,-27.3488280693831,20.2157443566064,14.1011784022721,0.973199507293831,74.3775653714438,10.3000000000001,actor_2_safe_crosswalk_pedestrian,2,0,5,pedestrian,"Pedestrian waits and crosses only at the marked crosswalk."
15.1139726688213,15.4057646322215,0.231888981328669,1.26554262402177,-15.4373380989584,16.4924274675611,17.1490383154131,4.04748739379931,73.4540962557907,10.2,actor_3_child_chasing_ball,3,1,5,child,"A child suddenly runs into the road while chasing a ball."
11.0180031591713,11.4821895768247,0.210376806892252,5.06889250422414,-4.98609607084644,47.6433876729671,13.495398199589,0.456796494179762,78.1716295270838,10.2000000000001,actor_4_speeding_zigzag,5,1,5,bicycle,"Cyclist swerves unpredictably across the lane."
10.4669722577366,16.1549173569305,1.21299176065519,61.7194147684537,-50.0451783178313,46.9037010548954,13.5660519426206,5.71994143878168,71.4328363689295,10.1000000000001,actor_5_safe_cyclist,13,0,5,bicycle,"Cyclist rides steadily within the bike lane."
15.1431968541871,16.2423862428151,0.365084217029296,3.613806082708,-3.87800958464553,12.9252118912292,17.0504003406349,4.21803464428677,72.3303032747953,9.59999999999998,actor_1_safe_crosswalk_pedestrian,2,0,15,pedestrian,"Pedestrian waits and crosses only at the marked crosswalk."
14.748825029486,15.1627123699401,0.0946850677978934,1.40375837283828,-2.93982752491963,6.1218497667392,14.7759578863263,3.12201790546266,75.1384552410146,10.3000000000001,actor_2_safe_bus_stop,1,0,15,bus,"Bus signals in advance and stops smoothly at a marked bus stop."
10.7122352034173,14.9560996385932,2.07485452811313,30.7489118990905,-16.31041888932,92.0922965189088,12.7580350341793,13.2071966873976,83.527180775791,11.2,actor_3_speeding_zigzag,12,1,15,bicycle,"Cyclist swerves unpredictably across the lane."
15.1104623262421,15.5718124877661,0.169265541697265,1.86155029849303,-4.1853135051743,9.45273279871454,15.605001225893,3.53695217051015,67.7025188286649,9.09999999999998,actor_4_jaywalking_pedestrian,1,1,15,pedestrian,"Pedestrian crosses mid-block, outside the marked crossing."
9.93876525294065,10.7088358679978,0.43442651076436,3.21493529300267,-24.4930670747538,18.3459964595169,11.5250193441406,6.3230263375265,79.5047675470874,10.4000000000001,actor_5_safe_cyclist,5,0,15,bicycle,"Cyclist rides steadily within the bike lane."
14.9993659165183,15.2858348496995,0.0891100690701985,2.40411431948821,-1.42286565433133,14.3696735855465,13.4886959128031,0.569223924295194,40.5190556224089,5.89999999999999,actor_1_jaywalking_pedestrian,1,1,25,pedestrian,"Pedestrian crosses mid-block, outside the marked crossing."
14.7902517032226,15.7568909650495,1.07601515499816,2.53315939548337,-66.7100756192491,9.91660760374921,14.3107335391126,2.3912962239664,66.8608569514081,10.3000000000001,actor_2_child_chasing_ball,3,1,25,child,"A child suddenly runs into the road while chasing a ball."
10.7994250255814,11.9119995181161,0.34905158699709,15.6996460757054,-14.6373533296354,59.3813128325578,15.7200168468905,4.25480694651293,71.1988338472524,9.80000000000014,actor_3_speeding_zigzag,14,1,25,bicycle,"Cyclist swerves unpredictably across the lane."
10.1188712532633,10.7523222628399,0.225821912522134,7.08217789801746,-7.80379839486629,36.3533327003318,13.0439631984345,6.22673990611939,59.2486492230892,7.60000000000011,actor_4_safe_cyclist,8,0,25,bicycle,"Cyclist rides steadily within the bike lane."
14.6874437887443,15.1295962920681,1.08718501909205,35.4438585369758,-1.89644179611789,22.2992742598309,17.4266581751985,0.680211888486374,74.2252776187216,10.2000000000001,actor_5_safe_crosswalk_pedestrian,4,0,25,pedestrian,"Pedestrian waits and crosses only at the marked crosswalk."
14.7070416147299,15.0714641841936,0.104290382975639,1.38448404498794,-5.6129350042456,11.581338489496,14.7783417418498,4.6903319870087,75.4804562126836,10.3000000000001,actor_6_safe_bus_stop,1,0,25,bus,"Bus signals in advance and stops smoothly at a marked bus stop."
1.60061197893721,4.86955093864535,0.880435604365092,29.8626735421186,-19.6273917754136,36.172979081098,14.4635159074192,28.3109446061373,89.0202315393871,9.89999999999999,actor_1_safe_following,11,0,30,car,"Vehicle maintains a safe following distance."
14.8630212692241,15.2662958877223,0.170690289024653,4.16555255119694,-3.2739693147596,12.1147090449946,19.3065843148176,4.18381690256075,75.3975428831874,10.1000000000001,actor_2_animal_or_obstacle_crossing,1,1,30,pedestrian,"Unexpected obstacle/animal crosses a rural road (modeled as an actor)."
9.49016789495731,10.0377852090739,0.407940624624391,9.24657937560787,-15.5188412225003,14.4630208630792,11.9872044369099,20.9971259727137,84.2799815220147,10.1,actor_3_safe_cyclist,4,0,30,bicycle,"Cyclist rides steadily within the bike lane."
12.4660741800466,13.4907100940183,0.888807738672456,2.23638687959783,-32.2541989482698,10.7762899824659,11.35512985016,9.21678689838144,79.244077567795,10.4000000000001,actor_4_sudden_braking,3,1,30,car,"Lead vehicle brakes hard unexpectedly."
14.0899523800652,14.8989055706387,1.55484844708148,3.63994275124426,-105.92179488139,60.903777227845,15.7339807750061,16.3080066774129,79.0323160077716,10.0000000000001,actor_5_jaywalking_pedestrian,3,1,30,pedestrian,"Pedestrian crosses mid-block, outside the marked crossing."
2.04676804833412,4.0095382845176,0.51910490168459,17.7461114327536,-15.4521615111385,35.8223164779269,15.8504544764939,23.2031800036194,24.0359744262748,67.4000000000004,actor_1_independent_traffic,66,0,205,car,"Background vehicle drives at its own independently varying speed."
5.64429623423181,7.2465627681927,0.396334788643528,18.6959953758513,-14.5018991710929,37.6977108710867,18.7026755066195,135.921025388041,137.186024096221,68.9000000000003,actor_2_independent_traffic,187,0,210,car,"Background vehicle drives at its own independently varying speed."
2.67503646953577,13.6667397740582,4.85228237445575,5.52292841863667,-1.43825508779292,3.4255012422154,0.641627296532238,19.4273190929548,34.3099389589719,54.2000000000005,LeadVehicle,2,0,355,car,"Lead vehicle with its own independently varying speed profile."
12.3985580439644,17.6537621639543,3.40498663023143,86.3120204633338,-61.0204737564387,98.8037435663108,15.1902776487149,107.119385164517,130.602204237989,7.50000000000011,cross1_bg_1,10,0,355,truck,"Background traffic with independently varying speed."
3.41281254730218,11.0693312959865,1.86203756284741,4.31020361518955,-22.0341954755169,11.160448738301,19.4579185169345,14.5186369537044,18.5795103440849,113.899999999996,cross1_ped_1,4,1,355,pedestrian,"Pedestrian crosses without properly checking traffic or the signal."
0.793553488712187,11.5247004859404,1.79469317044137,2.9886834468192,-21.9077910608453,3.93814022692757,13.7469838264666,16.4950768367676,17.7069447258832,109.499999999995,cross1_ped_2,34,1,355,pedestrian,"Pedestrian crosses without properly checking traffic or the signal."
4.04683139792998,17.6734791322596,5.18957248448857,16.6874448891319,-19.9045066967831,44.6055326585656,1.84027252838635,22.936676277901,49.0595974003945,38.2000000000003,LeadVehicle,4,0,360,car,"Lead vehicle with its own independently varying speed profile."
8.29997386063386,12.7076323616108,3.97200405966902,95.1441325573952,-15.4840616959453,44.7581173864173,13.0878591542575,105.518111631443,136.570173876587,5.60000000000008,cross1_bg_1,3,0,360,car,"Background traffic with independently varying speed."
12.8781404575386,16.9293192212585,3.14328956396791,39.7035297874259,-43.4419817190936,97.3529345901449,14.1528298359082,110.244369100665,132.338375478122,6.40000000000009,cross1_bg_2,13,0,360,bicycle,"Background traffic with independently varying speed."
2.40036766237142,19.0324155219823,3.5131240550596,9.82579141314549,-24.0891368296231,83.6583744003081,19.1549671237877,20.4966460593398,25.7050045592641,125.199999999996,cross1_ped_1,2,0,360,pedestrian,"Pedestrian waits and crosses only when it is safe to do so."
10.997147730413,16.0121430609251,2.41637076612647,9.99862300888358,-12.6341900875418,6.53033207298271,17.1315535555833,2.24849639619928,15.6212319037939,3.20000000000005,obstacle_1,1,1,360,car,"Stalled/parked vehicle blocking the lane, forcing ego to change lanes."
