avg_speed,max_speed,speed_std,max_accel,max_decel,max_lateral_rate,yaw_rate_std,min_dist_to_ego,avg_dist_to_ego,duration,ActorName,label,ScenarioID,ActorType,Description
2.54139213233251,2.99583333333333,0.0344812673006811,0.458333333333334,-0.458333333333335,2.98087121212122,0.454017718351907,8.96240696906352,298.05170883499,119.799999999997,actor_1_jaywalking_pedestrian,1,5,pedestrian,"Pedestrian crosses mid-block, outside the marked crossing."
1.19999999999999,1.2,6.66411775903308e-15,0,0,1.2,0.454017718351909,3.6127205075185,153.985316376088,119.799999999997,actor_2_safe_crosswalk_pedestrian,0,5,pedestrian,"Pedestrian waits and crosses only at the marked crosswalk."
2.54139213233251,2.99583333333333,0.0344812673006811,0.458333333333334,-0.458333333333335,2.98087121212122,0.454017718351907,8.95906122905238,301.467989890507,119.799999999997,actor_3_child_chasing_ball,1,5,child,"A child suddenly runs into the road while chasing a ball."
5.11867557019252,7,0.238739117514403,1.20057057202099,-1.09405594301509,4.67220328285132,0.288778850703923,0.489173988800875,167.556792990812,119.799999999997,actor_4_speeding_zigzag,1,5,bicycle,"Cyclist swerves unpredictably across the lane."
5,5,1.05802582520834e-16,1.77635683940026e-14,-1.77635683940025e-14,0.111044367203093,0.00700925480178903,1.55589437400817,132.361312487461,119.799999999997,actor_5_safe_cyclist,0,5,bicycle,"Cyclist rides steadily within the bike lane."
1.19999999999999,1.2,6.66411775903308e-15,0,0,1.2,0.454017718351909,7.04988995333548,361.159521396707,119.799999999997,actor_1_safe_crosswalk_pedestrian,0,15,pedestrian,"Pedestrian waits and crosses only at the marked crosswalk."
0.47090353072003,9.88,1.21590290518803,0,-8,0,0,4.22759532013019,197.543402556575,119.799999999997,actor_2_safe_bus_stop,0,15,bus,"Bus signals in advance and stops smoothly at a marked bus stop."
5.11867557019252,7,0.238739117514403,1.20057057202099,-1.0940559430151,4.67220328285132,0.288778850703928,10.5608278341509,345.238723746114,119.799999999997,actor_3_speeding_zigzag,1,15,bicycle,"Cyclist swerves unpredictably across the lane."
2.54139213233251,2.99583333333333,0.0344812673006811,0.458333333333334,-0.458333333333335,2.98087121212122,0.454017718351907,6.72614298111365,370.808111083555,119.799999999997,actor_4_jaywalking_pedestrian,1,15,pedestrian,"Pedestrian crosses mid-block, outside the marked crossing."
5,5,1.05802582520834e-16,1.77635683940026e-14,-1.77635683940025e-14,0.111044367203093,0.00700925480178903,7.9364917459812,227.799213757385,119.799999999997,actor_5_safe_cyclist,0,15,bicycle,"Cyclist rides steadily within the bike lane."
2.54139213233251,2.99583333333333,0.0344812673006811,0.458333333333334,-0.458333333333335,2.98087121212122,0.454017718351907,3.78004255549471,415.640877479538,119.799999999997,actor_1_jaywalking_pedestrian,1,25,pedestrian,"Pedestrian crosses mid-block, outside the marked crossing."
2.54139213233251,2.99583333333333,0.0344812673006811,0.458333333333334,-0.458333333333335,2.98087121212122,0.454017718351907,3.58176800428074,150.803756413326,119.799999999997,actor_2_child_chasing_ball,1,25,child,"A child suddenly runs into the road while chasing a ball."
5.11867557019252,7,0.238739117514403,1.20057057202099,-1.09405594301509,4.67220328285132,0.288778850703923,4.12652312724339,198.058608737336,119.799999999997,actor_3_speeding_zigzag,1,25,bicycle,"Cyclist swerves unpredictably across the lane."
5,5,1.05802582520834e-16,1.77635683940026e-14,-1.77635683940025e-14,0.111044367203093,0.00700925480178903,1.39875268601686,139.074196567886,119.799999999997,actor_4_safe_cyclist,0,25,bicycle,"Cyclist rides steadily within the bike lane."
1.19999999999999,1.2,6.66411775903308e-15,0,0,1.2,0.454017718351909,1.22818510113647,197.639654607831,119.799999999997,actor_5_safe_crosswalk_pedestrian,0,25,pedestrian,"Pedestrian waits and crosses only at the marked crosswalk."
0.47090353072003,9.88,1.21590290518803,0,-8,0,0,5.82956459179123,209.663256418423,119.799999999997,actor_6_safe_bus_stop,0,25,bus,"Bus signals in advance and stops smoothly at a marked bus stop."
15,15,0,0,0,0,0,26.4129913054804,451.969767791579,119.799999999997,actor_1_safe_following,0,30,car,"Vehicle maintains a safe following distance."
2.54139213233251,2.99583333333333,0.0344812673006811,0.458333333333334,-0.458333333333335,2.9808712121212,0.454017718351907,7.21115480301857,238.374341229142,119.799999999997,actor_2_animal_or_obstacle_crossing,1,30,pedestrian,"Unexpected obstacle/animal crosses a rural road (modeled as an actor)."
5,5,1.05802582520834e-16,1.77635683940026e-14,-1.77635683940025e-14,0.111044367203093,0.00700925480178901,21.405142395962,429.153256088391,119.799999999997,actor_3_safe_cyclist,0,30,bicycle,"Cyclist rides steadily within the bike lane."
2.25815262718932,20,1.50994883302547,0,-37.5,0,0,11.1442032251118,296.280845362744,119.799999999997,actor_4_sudden_braking,1,30,car,"Lead vehicle brakes hard unexpectedly."
2.54139213233251,2.99583333333333,0.0344812673006811,0.458333333333334,-0.458333333333335,2.9808712121212,0.454017718351907,16.2579519623844,310.788734781961,119.799999999997,actor_5_jaywalking_pedestrian,1,30,pedestrian,"Pedestrian crosses mid-block, outside the marked crossing."
7.91138993565173,7.91138993565175,2.22209021537656e-14,0,0,0,0,25.7936325129275,25.7936325129276,67.5000000000004,actor_1_independent_traffic,0,205,car,"Background vehicle drives at its own independently varying speed."
5.03586015279212,5.03586015279214,1.86652576787947e-14,0,0,0,0,140.303934063665,140.303934063665,69.0000000000004,actor_2_independent_traffic,0,210,car,"Background vehicle drives at its own independently varying speed."
12.3852275405827,14.9976666666666,1.74309853165447,0.180000000000004,-0.07407407407408,0,0,20.4406822929369,539.230142087442,149.799999999996,LeadVehicle,0,355,car,"Lead vehicle with its own independently varying speed profile."
12.8652535023349,14.98,0.62543506081751,0.550000000000017,-1.8,14.9855555555554,0.405984054847473,99.9066126620897,147.872417208271,149.799999999996,cross1_bg_1,0,355,truck,"Background traffic with independently varying speed."
3.0287024683122,3.4875,0.0340458867626044,0.406250000000004,-0.406250000000003,3.48834134615385,0.405984054847478,14.9512855831684,80.9045661384219,149.799999999996,cross1_ped_1,1,355,pedestrian,"Pedestrian crosses without properly checking traffic or the signal."
3.0287024683122,3.4875,0.0340458867626044,0.406250000000004,-0.406250000000003,3.48834134615385,0.405984054847478,17.6500853923721,83.6255650494498,149.799999999996,cross1_ped_2,1,355,pedestrian,"Pedestrian crosses without properly checking traffic or the signal."
16.0845123152921,18,2.19738375003254,0.385185185185216,-0.0900000000000085,0,0,23.9341736083832,854.884430267658,149.799999999996,LeadVehicle,0,360,car,"Lead vehicle with its own independently varying speed profile."
10.7549902712919,13.925,1.2363970938516,1.60000000000001,-0.750000000000013,13.8874999999999,0.405984054847473,99.9639703029843,137.274460602133,149.799999999996,cross1_bg_1,0,360,car,"Background traffic with independently varying speed."
9.07817899021625,11.9848275862069,0.702055158299272,0.200000000000011,-0.637500000000009,11.9772413793103,0.405984054847473,100.162513651811,137.535881050083,149.799999999996,cross1_bg_2,0,360,bicycle,"Background traffic with independently varying speed."
1.19999999999999,1.2,7.55203601239604e-15,0,0,1.2,0.40598405484748,20.0682934059243,72.6841955914867,149.799999999996,cross1_ped_1,0,360,pedestrian,"Pedestrian waits and crosses only when it is safe to do so."
0.299999999999998,0.3,1.88800900309901e-15,0,0,0,0,3.54648750922401,130.852556457832,149.799999999996,obstacle_1,1,360,car,"Stalled/parked vehicle blocking the lane, forcing ego to change lanes."
